{"Mean":{"confidence_interval":{"confidence_level":0.95,"lower_bound":5.502999234090361,"upper_bound":5.547239010999603},"point_estimate":5.524245448514209,"standard_error":0.011244868897817974},"Median":{"confidence_interval":{"confidence_level":0.95,"lower_bound":5.465777626914923,"upper_bound":5.494125473418469},"point_estimate":5.478538550377711,"standard_error":0.007410669436872525},"MedianAbsDev":{"confidence_interval":{"confidence_level":0.95,"lower_bound":0.035883778089188446,"upper_bound":0.08113855479131327},"point_estimate":0.05669704634019362,"standard_error":0.012462918268499108},"Slope":{"confidence_interval":{"confidence_level":0.95,"lower_bound":5.483938282792435,"upper_bound":5.51960409566669},"point_estimate":5.500882197461749,"standard_error":0.009091069785987086},"StdDev":{"confidence_interval":{"confidence_level":0.95,"lower_bound":0.08755953950008477,"upper_bound":0.13605715012282021},"point_estimate":0.11292931236358696,"standard_error":0.012423684251381932}}