{"Mean":{"confidence_interval":{"confidence_level":0.95,"lower_bound":-0.884405538697015,"upper_bound":-0.8828464076554371},"point_estimate":-0.8836165440348898,"standard_error":0.00039676519987614074},"Median":{"confidence_interval":{"confidence_level":0.95,"lower_bound":-0.8841036960903321,"upper_bound":-0.882920186289379},"point_estimate":-0.8834843746511464,"standard_error":0.00030303353031723465}}