{"Mean":{"confidence_interval":{"confidence_level":0.95,"lower_bound":47.22762445418946,"upper_bound":47.72983536293916},"point_estimate":47.46589970803309,"standard_error":0.12852984121130054},"Median":{"confidence_interval":{"confidence_level":0.95,"lower_bound":46.840377036479794,"upper_bound":47.24109097733386},"point_estimate":47.01977553632565,"standard_error":0.10429769913235734},"MedianAbsDev":{"confidence_interval":{"confidence_level":0.95,"lower_bound":0.4700952532508314,"upper_bound":0.9263925779152997},"point_estimate":0.6068291037782669,"standard_error":0.11640108859275597},"Slope":{"confidence_interval":{"confidence_level":0.95,"lower_bound":46.9938374921686,"upper_bound":47.37897322931184},"point_estimate":47.17596466609148,"standard_error":0.098116027703226},"StdDev":{"confidence_interval":{"confidence_level":0.95,"lower_bound":0.9253864442282411,"upper_bound":1.6214022604692635},"point_estimate":1.2976448956447235,"standard_error":0.1783875285151007}}